{
  "main": {
    "id": "306d84a9e823eb87",
    "type": "split",
    "children": [
      {
        "id": "b2b12ded7e8bbd5f",
        "type": "tabs",
        "children": [
          {
            "id": "95535356db51df6f",
            "type": "leaf",
            "state": {
              "type": "markdown",
              "state": {
                "file": "배경 설정.md",
                "mode": "source",
                "source": false
              }
            }
          },
          {
            "id": "34a040fd09df8362",
            "type": "leaf",
            "state": {
              "type": "markdown",
              "state": {
                "file": "Atmospheric Light.md",
                "mode": "source",
                "source": false
              }
            }
          },
          {
            "id": "ca84625e2704f2da",
            "type": "leaf",
            "state": {
              "type": "markdown",
              "state": {
                "file": "Modeling Mode.md",
                "mode": "source",
                "source": false
              }
            }
          },
          {
            "id": "3a5357f8da6f0954",
            "type": "leaf",
            "state": {
              "type": "markdown",
              "state": {
                "file": "배경 설정.md",
                "mode": "source",
                "source": false
              }
            }
          },
          {
            "id": "38cb1b4c96b49a18",
            "type": "leaf",
            "state": {
              "type": "markdown",
              "state": {
                "file": "Programming/C++/c++.md",
                "mode": "source",
                "source": false
              }
            }
          },
          {
            "id": "14323a719dbedfed",
            "type": "leaf",
            "state": {
              "type": "markdown",
              "state": {
                "file": "Programming/C++/c++.md",
                "mode": "source",
                "source": false
              }
            }
          },
          {
            "id": "3d4933220de162f7",
            "type": "leaf",
            "state": {
              "type": "markdown",
              "state": {
                "file": "Programming/C++/c++.md",
                "mode": "source",
                "source": false
              }
            }
          },
          {
            "id": "265a92f981854982",
            "type": "leaf",
            "state": {
              "type": "markdown",
              "state": {
                "file": "Programming/C++/c++.md",
                "mode": "source",
                "source": false
              }
            }
          },
          {
            "id": "173f32d5ecac7236",
            "type": "leaf",
            "state": {
              "type": "markdown",
              "state": {
                "file": "Programming/C++/C++ functions.md",
                "mode": "source",
                "source": false
              }
            }
          },
          {
            "id": "c23fe9509e4d41eb",
            "type": "leaf",
            "state": {
              "type": "markdown",
              "state": {
                "file": "Programming/Blue Print/Blue Print.md",
                "mode": "source",
                "source": false
              }
            }
          },
          {
            "id": "a2d214a92ecc8680",
            "type": "leaf",
            "state": {
              "type": "markdown",
              "state": {
                "file": "Modeling Mode.md",
                "mode": "source",
                "source": false
              }
            }
          },
          {
            "id": "81d408fad3f8e281",
            "type": "leaf",
            "state": {
              "type": "markdown",
              "state": {
                "file": "Programming/C++/함수.md",
                "mode": "source",
                "source": false
              }
            }
          }
        ],
        "currentTab": 11
      }
    ],
    "direction": "vertical"
  },
  "left": {
    "id": "61c0fc9eecd233af",
    "type": "split",
    "children": [
      {
        "id": "90b28fc5634148dc",
        "type": "tabs",
        "children": [
          {
            "id": "b9765afa1d1e96c3",
            "type": "leaf",
            "state": {
              "type": "file-explorer",
              "state": {
                "sortOrder": "alphabetical"
              }
            }
          },
          {
            "id": "90e9b8793a582ea1",
            "type": "leaf",
            "state": {
              "type": "search",
              "state": {
                "query": "",
                "matchingCase": false,
                "explainSearch": false,
                "collapseAll": false,
                "extraContext": false,
                "sortOrder": "alphabetical"
              }
            }
          },
          {
            "id": "584d70804323c770",
            "type": "leaf",
            "state": {
              "type": "bookmarks",
              "state": {}
            }
          }
        ]
      }
    ],
    "direction": "horizontal",
    "width": 300
  },
  "right": {
    "id": "1d6cd36f832eaaf9",
    "type": "split",
    "children": [
      {
        "id": "6bf57cd57d75a4ac",
        "type": "tabs",
        "children": [
          {
            "id": "b4e12d3cd6dd036f",
            "type": "leaf",
            "state": {
              "type": "backlink",
              "state": {
                "file": "Programming/C++/함수.md",
                "collapseAll": false,
                "extraContext": false,
                "sortOrder": "alphabetical",
                "showSearch": false,
                "searchQuery": "",
                "backlinkCollapsed": false,
                "unlinkedCollapsed": true
              }
            }
          },
          {
            "id": "195879da1f21f162",
            "type": "leaf",
            "state": {
              "type": "outgoing-link",
              "state": {
                "file": "Programming/C++/함수.md",
                "linksCollapsed": false,
                "unlinkedCollapsed": true
              }
            }
          },
          {
            "id": "cd2fb1cc6bb7521a",
            "type": "leaf",
            "state": {
              "type": "tag",
              "state": {
                "sortOrder": "frequency",
                "useHierarchy": true
              }
            }
          },
          {
            "id": "3afa1915bfa4c00a",
            "type": "leaf",
            "state": {
              "type": "outline",
              "state": {
                "file": "Programming/C++/함수.md"
              }
            }
          }
        ]
      }
    ],
    "direction": "horizontal",
    "width": 300,
    "collapsed": true
  },
  "left-ribbon": {
    "hiddenItems": {
      "switcher:퀵 스위처 열기": false,
      "graph:그래프 뷰 열기": false,
      "canvas:새 캔버스 만들기": false,
      "daily-notes:오늘의 데일리 노트 열기": false,
      "templates:템플릿 삽입": false,
      "command-palette:명령어 팔레트 열기": false
    }
  },
  "active": "81d408fad3f8e281",
  "lastOpenFiles": [
    "Programming/C++/변수.md",
    "배경 설정.md",
    "Modeling Mode.md",
    "Input.md",
    "Content Browser.md",
    "Atmospheric Light.md",
    "Programming/Programming.md",
    "Programming/C++/Class.md",
    "Programming/C++/C++ functions.md",
    "Programming/C++/c++.md",
    "Programming/C++/함수.md",
    "Programming/Blue Print/BP functions.md",
    "Programming/Blue Print/Blue Print.md",
    "Programming/Blue Print",
    "Programming/C++",
    "Programming",
    "Manual/단축키.md",
    "Manual/View/직교뷰.md",
    "Manual/View/원근뷰.md",
    "Manual/View",
    "Manual"
  ]
}